id,nombre,nombre_en,tema,familia,cas,chembl_id,smiles_entrada,smiles_ph74,carga_neta_ph74,smiles_canonico,formula,mw,masa_exacta,carga_formal,logp,refractividad_molar,tpsa,hbd,hba,enlaces_rotables,atomos_pesados,anillos,anillos_aromaticos,fraccion_csp3,qed,estereocentros_cip,inchi,inchikey,lipinski_violaciones,cumple_lipinski,imagen,notas
QFDOS-001,Acetilcolina,Acetylcholine,Neurotransmisores,Ester de colina,51-84-3,CHEMBL667,CC(=O)OCC[N+](C)(C)C,CC(=O)OCC[N+](C)(C)C,1,CC(=O)OCC[N+](C)(C)C,C7H16NO2+,146.21,146.1176,1,0.26,39.53,26.3,0,2,3,10,0,0,0.857,0.421,aquiral,"InChI=1S/C7H16NO2/c1-7(9)10-6-5-8(2,3)4/h5-6H2,1-4H3/q+1",OIPILFWXSMYKGL-UHFFFAOYSA-N,0,Si,img/QFDOS-001_acetilcolina.png,Cation cuaternario permanente; agonista endogeno de receptores nicotinicos y muscarinicos; hidrolizado por acetilcolinesterasa
QFDOS-002,Acido L-glutamico,L-Glutamic acid,Neurotransmisores,Aminoacido excitador,56-86-0,CHEMBL575060,N[C@@H](CCC(=O)O)C(=O)O,[NH3+][C@@H](CCC(=O)[O-])C(=O)[O-],-1,N[C@@H](CCC(=O)O)C(=O)O,C5H9NO4,147.13,147.0532,0,-0.74,32.48,100.62,3,3,4,10,0,0,0.6,0.486,C2:S,"InChI=1S/C5H9NO4/c6-3(5(9)10)1-2-4(7)8/h3H,1-2,6H2,(H,7,8)(H,9,10)/t3-/m0/s1",WHUUTDBJXJRKMK-VKHMYHEASA-N,0,Si,img/QFDOS-002_acido_l_glutamico.png,Principal neurotransmisor excitador del SNC; receptores NMDA/AMPA/kainato y mGluR; anion neto -1 a pH 7.4
QFDOS-003,Acido L-aspartico,L-Aspartic acid,Neurotransmisores,Aminoacido excitador,56-84-8,CHEMBL274323,N[C@@H](CC(=O)O)C(=O)O,[NH3+][C@@H](CC(=O)[O-])C(=O)[O-],-1,N[C@@H](CC(=O)O)C(=O)O,C4H7NO4,133.1,133.0375,0,-1.13,27.86,100.62,3,3,3,9,0,0,0.5,0.452,C2:S,"InChI=1S/C4H7NO4/c5-2(4(8)9)1-3(6)7/h2H,1,5H2,(H,6,7)(H,8,9)/t2-/m0/s1",CKLJMWTZIZZHCS-REOHCLBHSA-N,0,Si,img/QFDOS-003_acido_l_aspartico.png,Aminoacido excitador; agonista de receptores NMDA; anion neto -1 a pH 7.4
QFDOS-004,GABA (acido gamma-aminobutirico),gamma-Aminobutyric acid,Neurotransmisores,Aminoacido inhibidor,56-12-2,CHEMBL96,NCCCC(=O)O,[NH3+]CCCC(=O)[O-],0,NCCCC(=O)O,C4H9NO2,103.12,103.0633,0,-0.19,25.92,63.32,2,2,3,7,0,0,0.75,0.52,aquiral,"InChI=1S/C4H9NO2/c5-3-1-2-4(6)7/h1-3,5H2,(H,6,7)",BTCSSZJGUNDROE-UHFFFAOYSA-N,0,Si,img/QFDOS-004_gaba_acido_gamma_aminobutirico.png,Principal neurotransmisor inhibidor del SNC; receptores GABA-A (ionotropico) y GABA-B (metabotropico); zwitterion a pH 7.4
QFDOS-005,Glicina,Glycine,Neurotransmisores,Aminoacido inhibidor,56-40-6,CHEMBL773,NCC(=O)O,[NH3+]CC(=O)[O-],0,NCC(=O)O,C2H5NO2,75.07,75.032,0,-0.97,16.69,63.32,2,2,1,5,0,0,0.5,0.421,aquiral,"InChI=1S/C2H5NO2/c3-1-2(4)5/h1,3H2,(H,4,5)",DHMQDGOQFOQNFH-UHFFFAOYSA-N,0,Si,img/QFDOS-005_glicina.png,Neurotransmisor inhibidor en medula espinal y tronco; coagonista obligado del receptor NMDA en el sitio de glicina
QFDOS-006,Taurina,Taurine,Neurotransmisores,Aminosulfonico,107-35-7,CHEMBL239243,NCCS(=O)(=O)O,[NH3+]CCS(=O)(=O)[O-],0,NCCS(=O)(=O)O,C2H7NO3S,125.15,125.0147,0,-1.17,25.47,80.39,2,3,2,7,0,0,1.0,0.456,aquiral,"InChI=1S/C2H7NO3S/c3-1-2-7(4,5)6/h1-3H2,(H,4,5,6)",XOAAWQZATWQOTB-UHFFFAOYSA-N,0,Si,img/QFDOS-006_taurina.png,Acido 2-aminoetanosulfonico; modulador inhibidor (receptores GABA-A y de glicina); osmolito; sulfonato totalmente ionizado a pH fisiologico
QFDOS-007,Noradrenalina,Norepinephrine,Neurotransmisores,Catecolamina,51-41-2,CHEMBL1437,NC[C@H](O)c1ccc(O)c(O)c1,[NH3+]C[C@H](O)c1ccc(O)c(O)c1,1,NC[C@H](O)c1ccc(O)c(O)c1,C8H11NO3,169.18,169.0739,0,0.09,43.79,86.71,4,4,2,12,1,1,0.25,0.472,C3:R,"InChI=1S/C8H11NO3/c9-4-8(12)5-1-2-6(10)7(11)3-5/h1-3,8,10-12H,4,9H2/t8-/m0/s1",SFLSHLFXELFNJZ-QMMMGPOBSA-N,0,Si,img/QFDOS-007_noradrenalina.png,(R)-(-)-noradrenalina; catecolamina activa sobre adrenoceptores alfa y beta1; catecol sensible a COMT y MAO
QFDOS-008,Dopamina,Dopamine,Neurotransmisores,Catecolamina,51-61-6,CHEMBL59,NCCc1ccc(O)c(O)c1,[NH3+]CCc1ccc(O)c(O)c1,1,NCCc1ccc(O)c(O)c1,C8H11NO2,153.18,153.079,0,0.6,42.53,66.48,3,3,2,11,1,1,0.25,0.545,aquiral,"InChI=1S/C8H11NO2/c9-4-3-6-1-2-7(10)8(11)5-6/h1-2,5,10-11H,3-4,9H2",VYFYYTLLBUKUHU-UHFFFAOYSA-N,0,Si,img/QFDOS-008_dopamina.png,Agonista de receptores D1-D5; precursor de noradrenalina via dopamina beta-hidroxilasa; no atraviesa BHE (de ahi el uso de levodopa)
QFDOS-009,Serotonina (5-HT),Serotonin,Neurotransmisores,Indolamina,50-67-9,CHEMBL39,NCCc1c[nH]c2ccc(O)cc12,[NH3+]CCc1c[nH]c2ccc(O)cc12,1,NCCc1c[nH]c2ccc(O)cc12,C10H12N2O,176.22,176.095,0,1.37,52.72,62.04,3,2,2,13,2,2,0.2,0.647,aquiral,"InChI=1S/C10H12N2O/c11-4-3-7-6-12-10-2-1-8(13)5-9(7)10/h1-2,5-6,12-13H,3-4,11H2",QZAYGJVTTNCVMB-UHFFFAOYSA-N,0,Si,img/QFDOS-009_serotonina_5_ht.png,5-hidroxitriptamina; derivada de L-triptofano via triptofano hidroxilasa; receptores 5-HT1 a 5-HT7
QFDOS-010,(R)-Metacolina,(R)-Methacholine,Agonistas colinergicos,Ester de colina,,CHEMBL978,C[C@H](C[N+](C)(C)C)OC(C)=O,C[C@H](C[N+](C)(C)C)OC(C)=O,1,CC(=O)O[C@H](C)C[N+](C)(C)C,C8H18NO2+,160.24,160.1332,1,0.64,44.13,26.3,0,2,3,11,0,0,0.875,0.447,C2:R,"InChI=1S/C8H18NO2/c1-7(11-8(2)10)6-9(3,4)5/h7H,6H2,1-5H3/q+1/t7-/m1/s1",NZWOPGCLSHLLPA-SSDOTTSWSA-N,0,Si,img/QFDOS-010_r_metacolina.png,"Distomero: el metilo en beta orienta mal el ester frente al subsitio esterasico y frente al punto anionico del receptor; potencia muscarinica del orden de dos ordenes de magnitud inferior a la del enantiomero S (dato clasico de libro de texto, ~200 veces). ChEMBL almacena la metacolina sin estereoquimica (CHEMBL978, racemico). CAS del cloruro racemico: 62-51-1"
QFDOS-011,(S)-Metacolina,(S)-Methacholine,Agonistas colinergicos,Ester de colina,,CHEMBL978,C[C@@H](C[N+](C)(C)C)OC(C)=O,C[C@@H](C[N+](C)(C)C)OC(C)=O,1,CC(=O)O[C@@H](C)C[N+](C)(C)C,C8H18NO2+,160.24,160.1332,1,0.64,44.13,26.3,0,2,3,11,0,0,0.875,0.447,C2:S,"InChI=1S/C8H18NO2/c1-7(11-8(2)10)6-9(3,4)5/h7H,6H2,1-5H3/q+1/t7-/m0/s1",NZWOPGCLSHLLPA-ZETCQYMHSA-N,0,Si,img/QFDOS-011_s_metacolina.png,Eutomero. El grupo beta-metilo confiere selectividad muscarinica (actividad nicotinica residual) y frena la hidrolisis por acetilcolinesterasa; resistente a butirilcolinesterasa. Base del test de provocacion bronquial con metacolina (se administra el racemico). ChEMBL almacena la metacolina sin estereoquimica (CHEMBL978)
QFDOS-012,Muscarina,Muscarine,Agonistas colinergicos,Alcaloide muscarinico,,CHEMBL12587,C[C@@H]1O[C@H](C[N+](C)(C)C)C[C@H]1O,C[C@@H]1O[C@H](C[N+](C)(C)C)C[C@H]1O,1,C[C@@H]1O[C@H](C[N+](C)(C)C)C[C@H]1O,C9H20NO2+,174.26,174.1489,1,0.23,47.86,29.46,1,2,2,12,1,0,1.0,0.607,C2:S; C4:S; C11:R,"InChI=1S/C9H20NO2/c1-7-9(11)5-8(12-7)6-10(2,3)4/h7-9,11H,5-6H2,1-4H3/q+1/t7-,8-,9+/m0/s1",UQOFGTXDASPNLL-XHNCKOQMSA-N,0,Si,img/QFDOS-012_muscarina.png,L-(+)-muscarina (2S 4R 5S) de Amanita muscaria e Inocybe; agonista muscarinico prototipo que da nombre al receptor. Sin funcion ester: no es sustrato de colinesterasas y su accion es prolongada. Amonio cuaternario permanente: no atraviesa la BHE y el sindrome muscarinico es periferico (DUMBELS). Antidoto: atropina
QFDOS-013,Carbacol,Carbachol,Agonistas colinergicos,Carbamato de colina,,CHEMBL965,C[N+](C)(C)CCOC(N)=O,C[N+](C)(C)CCOC(N)=O,1,C[N+](C)(C)CCOC(N)=O,C6H15N2O2+,147.2,147.1128,1,-0.21,38.43,52.32,1,2,3,10,0,0,0.833,0.561,aquiral,"InChI=1S/C6H14N2O2/c1-8(2,3)4-5-10-6(7)9/h4-5H2,1-3H3,(H-,7,9)/p+1",VPJXQGSRWJZDOB-UHFFFAOYSA-O,0,Si,img/QFDOS-013_carbacol.png,"Bioisostero de la acetilcolina: el ester se sustituye por carbamato. El par libre del nitrogeno se deslocaliza sobre el carbonilo y rebaja su electrofilia, de modo que resiste la hidrolisis por acetilcolinesterasa y butirilcolinesterasa y la accion se prolonga. Sin metilo en beta: mantiene actividad muscarinica y nicotinica (agonista mixto) y ademas favorece la liberacion de acetilcolina. Uso topico oftalmico (miosis intraoperatoria, glaucoma); ATC S01EB02 y N07AB01. CAS del cloruro: 51-83-2. ChEMBL: CHEMBL965 es el cation y CHEMBL14 el cloruro"
QFDOS-014,Betanecol,Bethanechol,Agonistas colinergicos,Carbamato de colina,,CHEMBL1482,CC(C[N+](C)(C)C)OC(N)=O,CC(C[N+](C)(C)C)OC(N)=O,1,CC(C[N+](C)(C)C)OC(N)=O,C7H17N2O2+,161.22,161.1285,1,0.18,43.03,52.32,1,2,3,11,0,0,0.857,0.6,1 centro(s) sin definir,"InChI=1S/C7H16N2O2/c1-6(11-7(8)10)5-9(2,3)4/h6H,5H2,1-4H3,(H-,8,10)/p+1",NZUPCNDJBJXXRF-UHFFFAOYSA-O,0,Si,img/QFDOS-014_betanecol.png,"Combina las dos modificaciones del bloque: carbamato (resistencia a colinesterasas) mas metilo en beta (selectividad muscarinica). Resultado: agonista muscarinico selectivo sin actividad nicotinica apreciable y de accion prolongada, activo por via oral. Indicaciones clasicas: retencion urinaria no obstructiva y atonia gastrica o ileo paralitico. Se comercializa como racemico (cloruro, CAS 590-63-6) y por eso se almacena sin estereoquimica, igual que en ChEMBL; el estereocentro existe y el eutomero es el S, por analogia con la metacolina"
QFDOS-015,Atropina,Atropine,Antagonistas muscarinicos,Alcaloide tropanico,51-55-8,CHEMBL517712,CN1[C@@H]2CC[C@H]1C[C@@H](OC(=O)C(CO)c1ccccc1)C2,CN1[C@@H]2CC[C@H]1C[C@@H](OC(=O)C(CO)c1ccccc1)C2,0,CN1[C@@H]2CC[C@H]1C[C@@H](OC(=O)C(CO)c1ccccc1)C2,C17H23NO3,289.38,289.1678,0,1.93,79.96,49.77,1,4,4,21,3,1,0.588,0.861,C3:R; C6:S; C8:r | 1 centro(s) sin definir,"InChI=1S/C17H23NO3/c1-18-13-7-8-14(18)10-15(9-13)21-17(20)16(11-19)12-5-3-2-4-6-12/h2-6,13-16,19H,7-11H2,1H3/t13-,14+,15+,16?",RKUNBYITZUJHSG-SPUOUPEWSA-N,0,Si,img/QFDOS-015_atropina.png,"Ester de tropina y acido tropico; antagonista competitivo no selectivo de los receptores muscarinicos M1-M5. Es la (+/-)-hiosciamina: el carbono alfa del acido tropico esta sin definir porque el alcaloide racemiza en la extraccion de Atropa belladonna; el eutomero es la (S)-(-)-hiosciamina y la actividad del racemico es aproximadamente la mitad. El anillo de tropano en si es aquiral por su plano de simetria. Amina terciaria (pKa ~9.4): a pH fisiologico predomina protonada pero la fraccion neutra basta para atravesar la BHE, de ahi el sindrome anticolinergico central a dosis altas. Antidoto del envenenamiento por muscarina y por inhibidores de colinesterasa"
QFDOS-016,Escopolamina,Scopolamine,Antagonistas muscarinicos,Alcaloide tropanico,51-34-3,,CN1[C@@H]2C[C@@H](OC(=O)[C@H](CO)c3ccccc3)C[C@H]1[C@@H]1O[C@@H]12,CN1[C@@H]2C[C@@H](OC(=O)[C@H](CO)c3ccccc3)C[C@H]1[C@@H]1O[C@@H]12,0,CN1[C@@H]2C[C@@H](OC(=O)[C@H](CO)c3ccccc3)C[C@H]1[C@@H]1O[C@@H]12,C17H21NO4,303.36,303.1471,0,0.92,79.38,62.3,1,5,4,22,4,1,0.588,0.662,C3:R; C5:s; C9:S; C19:S; C20:S; C22:R,"InChI=1S/C17H21NO4/c1-18-13-7-11(8-14(18)16-15(13)22-16)21-17(20)12(9-19)10-5-3-2-4-6-10/h2-6,11-16,19H,7-9H2,1H3/t11-,12-,13-,14+,15-,16+/m1/s1",STECJAGHUSJQJN-FWXGHANASA-N,0,Si,img/QFDOS-016_escopolamina.png,"(-)-hioscina. Es la atropina con un epoxido 6,7 sobre el puente del tropano y un solo enantiomero (no racemiza). El epoxido rompe la simetria del biciclo y anade dos estereocentros. Mayor penetracion en SNC que la atropina pese a la TPSA superior: predominan los efectos centrales (sedacion, amnesia, antiemesis) frente a los perifericos. Uso en cinetosis por via transdermica. El derivado cuaternario butilescopolamina (Buscapina) no atraviesa la BHE y queda como antiespasmodico periferico"
QFDOS-017,Metilescopolamina,Methscopolamine,Antagonistas muscarinicos,Tropanico cuaternario,,CHEMBL376897,C[N+]1(C)[C@@H]2C[C@@H](OC(=O)[C@H](CO)c3ccccc3)C[C@H]1[C@@H]1O[C@@H]12,C[N+]1(C)[C@@H]2C[C@@H](OC(=O)[C@H](CO)c3ccccc3)C[C@H]1[C@@H]1O[C@@H]12,1,C[N+]1(C)[C@@H]2C[C@@H](OC(=O)[C@H](CO)c3ccccc3)C[C@H]1[C@@H]1O[C@@H]12,C18H24NO4+,318.39,318.17,1,1.06,83.73,59.06,1,4,4,23,4,1,0.611,0.512,C4:R; C6:s; C10:S; C20:S; C21:S; C23:R,"InChI=1S/C18H24NO4/c1-19(2)14-8-12(9-15(19)17-16(14)23-17)22-18(21)13(10-20)11-6-4-3-5-7-11/h3-7,12-17,20H,8-10H2,1-2H3/q+1/t12-,13-,14-,15+,16-,17+/m1/s1",LZCOQTDXKCNBEE-IKIFYQGPSA-N,0,Si,img/QFDOS-017_metilescopolamina.png,"N-metilacion del nitrogeno tropanico de la escopolamina: amonio cuaternario de carga permanente. Pierde la fraccion neutra que permitia el paso por la BHE y queda como antimuscarinico periferico (antisecretor gastrico, antiespasmodico); absorcion oral baja y erratica. Ilustra el recurso general de cuaternizar una amina terciaria para confinar el efecto a la periferia. ATC A03BB03 y S01FA03. Se maneja como bromuro"
QFDOS-018,Genescopolamina,Scopolamine N-oxide,Antagonistas muscarinicos,N-oxido tropanico,,,C[N+]1([O-])[C@@H]2C[C@@H](OC(=O)[C@H](CO)c3ccccc3)C[C@H]1[C@@H]1O[C@@H]12,C[N+]1([O-])[C@@H]2C[C@@H](OC(=O)[C@H](CO)c3ccccc3)C[C@H]1[C@@H]1O[C@@H]12,0,C[N+]1([O-])[C@@H]2C[C@@H](OC(=O)[C@H](CO)c3ccccc3)C[C@H]1[C@@H]1O[C@@H]12,C17H21NO5,319.36,319.142,0,0.93,81.17,82.12,1,5,4,23,4,1,0.588,0.386,C4:R; C6:s; C10:S; C20:S; C21:S; C23:R | 1 centro(s) sin definir,"InChI=1S/C17H21NO5/c1-18(21)13-7-11(8-14(18)16-15(13)23-16)22-17(20)12(9-19)10-5-3-2-4-6-10/h2-6,11-16,19H,7-9H2,1H3/t11-,12-,13-,14+,15-,16+,18?/m1/s1",GSYQNAMOFFWAPF-PPOBMCMBSA-N,0,Si,img/QFDOS-018_genescopolamina.png,"N-oxido de la escopolamina; alcaloide menor presente en Datura junto a la escopolamina. El N-oxido es un zwitterion neutro global mucho mas polar que la amina (TPSA muy superior) y no basico, de modo que no se protona ni penetra en SNC. Los N-oxidos de aminas terciarias se reducen in vivo a la amina de partida (flora intestinal y reductasas hepaticas), asi que se comporta como forma atenuada o precursora de la escopolamina. Estructura derivada mecanicamente de QFDOS-016 con RDKit; el mismo procedimiento aplicado a la atropina reproduce exactamente CHEMBL2146145, lo que valida el metodo. Sin entrada propia en ChEMBL; la correspondencia del nombre comercial Genescopolamina con el N-oxido se establece por analogia con Genatropina y conviene confirmarla"
QFDOS-019,Butilescopolamina,Butylscopolamine,Antagonistas muscarinicos,Tropanico cuaternario,,CHEMBL1618102,CCCC[N+]1(C)[C@@H]2C[C@@H](OC(=O)[C@H](CO)c3ccccc3)C[C@H]1[C@@H]1O[C@@H]12,CCCC[N+]1(C)[C@@H]2C[C@@H](OC(=O)[C@H](CO)c3ccccc3)C[C@H]1[C@@H]1O[C@@H]12,1,CCCC[N+]1(C)[C@@H]2C[C@@H](OC(=O)[C@H](CO)c3ccccc3)C[C@H]1[C@@H]1O[C@@H]12,C21H30NO4+,360.47,360.2169,1,2.23,97.58,59.06,1,4,7,26,4,1,0.667,0.46,C7:R; C9:s; C13:S; C23:S; C24:S; C26:R | 1 centro(s) sin definir,"InChI=1S/C21H30NO4/c1-3-4-10-22(2)17-11-15(12-18(22)20-19(17)26-20)25-21(24)16(13-23)14-8-6-5-7-9-14/h5-9,15-20,23H,3-4,10-13H2,1-2H3/q+1/t15-,16-,17-,18+,19-,20+,22?/m1/s1",YBCNXCRZPWQOBR-WVHCHWADSA-N,0,Si,img/QFDOS-019_butilescopolamina.png,Butilbromuro de hioscina (Buscapina). Cuaternizacion con n-butilo en lugar de metilo: mismo confinamiento periferico que la metilescopolamina con mayor volumen en el nitrogeno. Antiespasmodico de musculo liso digestivo y genitourinario; biodisponibilidad oral muy baja y efecto tras administracion oral atribuido en parte a accion local. A dosis altas anade bloqueo ganglionar nicotinico. ATC A03BB01. Ojo estereoquimico: el nitrogeno cuaternario lleva cuatro sustituyentes distintos y es un centro estereogenico que ChEMBL deja sin definir; se conserva asi
QFDOS-020,Metilatropina,Methylatropine,Antagonistas muscarinicos,Tropanico cuaternario,,CHEMBL1187724,C[N+]1(C)[C@@H]2CC[C@H]1C[C@@H](OC(=O)C(CO)c1ccccc1)C2,C[N+]1(C)[C@@H]2CC[C@H]1C[C@@H](OC(=O)C(CO)c1ccccc1)C2,1,C[N+]1(C)[C@@H]2CC[C@H]1C[C@@H](OC(=O)C(CO)c1ccccc1)C2,C18H26NO3+,304.41,304.1907,1,2.08,84.3,46.53,1,3,4,22,3,1,0.611,0.684,C4:R; C7:S; C9:r | 1 centro(s) sin definir,"InChI=1S/C18H26NO3/c1-19(2)14-8-9-15(19)11-16(10-14)22-18(21)17(12-20)13-6-4-3-5-7-13/h3-7,14-17,20H,8-12H2,1-2H3/q+1/t14-,15+,16+,17?",PIPAJLPNWZMYQA-KNCRFDSUSA-N,0,Si,img/QFDOS-020_metilatropina.png,"Metonitrato o metilbromuro de atropina. Cuaternizacion de la atropina: antimuscarinico estrictamente periferico, usado como midriatico y antiespasmodico. Los dos metilos del nitrogeno son equivalentes por constitucion, de modo que el nitrogeno no es estereocentro (a diferencia de la butilescopolamina); persiste sin definir el carbono alfa del acido tropico, heredado del racemato. ATC A03BB02. Sales en ChEMBL: CHEMBL516476 (nitrato) y CHEMBL2146143 (bromuro)"
QFDOS-021,Genatropina,Atropine N-oxide,Antagonistas muscarinicos,N-oxido tropanico,,CHEMBL2146145,C[N+]1([O-])[C@@H]2CC[C@H]1C[C@@H](OC(=O)C(CO)c1ccccc1)C2,C[N+]1([O-])[C@@H]2CC[C@H]1C[C@@H](OC(=O)C(CO)c1ccccc1)C2,0,C[N+]1([O-])[C@@H]2CC[C@H]1C[C@@H](OC(=O)C(CO)c1ccccc1)C2,C17H23NO4,305.37,305.1627,0,1.94,81.74,69.59,1,4,4,22,3,1,0.588,0.524,C4:R; C7:S; C9:r | 2 centro(s) sin definir,"InChI=1S/C17H23NO4/c1-18(21)13-7-8-14(18)10-15(9-13)22-17(20)16(11-19)12-5-3-2-4-6-12/h2-6,13-16,19H,7-11H2,1H3/t13-,14+,15+,16?,18?",HGWPFSBHDACWNL-LZYIFBDPSA-N,0,Si,img/QFDOS-021_genatropina.png,"N-oxido de atropina (aminoxido de atropina, Genatropina, Apitropin). Zwitterion neutro no basico y mucho mas polar que la atropina; se reduce in vivo a la amina terciaria, comportamiento tipico de N-oxido. Dos centros sin definir: el carbono alfa del acido tropico (racemato heredado) y el propio nitrogeno del N-oxido, que ChEMBL tampoco define. Sirve en clase para contrastar dos estrategias sobre el mismo nitrogeno: cuaternizar (carga permanente, efecto periferico irreversible) frente a oxidar (polar y reversible in vivo)"
QFDOS-022,Ipratropio,Ipratropium,Antagonistas muscarinicos,Tropanico cuaternario,,CHEMBL1621597,CC(C)[N+]1(C)[C@@H]2CC[C@H]1C[C@@H](OC(=O)C(CO)c1ccccc1)C2,CC(C)[N+]1(C)[C@@H]2CC[C@H]1C[C@@H](OC(=O)C(CO)c1ccccc1)C2,1,CC(C)[N+]1(C)[C@@H]2CC[C@H]1C[C@@H](OC(=O)C(CO)c1ccccc1)C2,C20H30NO3+,332.46,332.222,1,2.85,93.51,46.53,1,3,5,24,3,1,0.65,0.666,C6:R; C9:S; C11:r | 2 centro(s) sin definir,"InChI=1S/C20H30NO3/c1-14(2)21(3)16-9-10-17(21)12-18(11-16)24-20(23)19(13-22)15-7-5-4-6-8-15/h4-8,14,16-19,22H,9-13H2,1-3H3/q+1/t16-,17+,18+,19?,21?",OEXHQOGQTVQTAT-BHIXFJMTSA-N,0,Si,img/QFDOS-022_ipratropio.png,"Bromuro de ipratropio (Atrovent). N-isopropil-N-metil sobre el tropano de la atropina: la cuaternizacion con isopropilo en vez de metilo aumenta el volumen y la lipofilia (logP 2.85 frente a 2.08 de la metilatropina) manteniendo la carga permanente. Broncodilatador antimuscarinico por via inhalatoria en EPOC y asma; la carga positiva limita la absorcion desde el pulmon y el paso por la BHE, de modo que el efecto queda confinado a la via aerea y los efectos sistemicos son minimos. Es el ejemplo de manual de diseno por confinamiento local. ATC R03BB01 y R01AX03. Igual que en la butilescopolamina el nitrogeno cuaternario es estereogenico y ChEMBL lo deja sin definir; se suma al carbono alfa del racemato heredado de la atropina"
QFDOS-023,Fisostigmina,Physostigmine,Anticolinesterasicos,Carbamato natural,57-47-6,CHEMBL94,CNC(=O)Oc1ccc2c(c1)[C@]1(C)CCN(C)[C@@H]1N2C,CNC(=O)Oc1ccc2c(c1)[C@]1(C)CCN(C)[C@@H]1N2C,0,CNC(=O)Oc1ccc2c(c1)[C@]1(C)CCN(C)[C@@H]1N2C,C15H21N3O2,275.35,275.1634,0,1.77,78.32,44.81,1,4,1,20,3,1,0.533,0.848,C12:S; C18:R,"InChI=1S/C15H21N3O2/c1-15-7-8-17(3)13(15)18(4)12-6-5-10(9-11(12)15)20-14(19)16-2/h5-6,9,13H,7-8H2,1-4H3,(H,16,19)/t13-,15+/m1/s1",PIJVFDBKTWXHHD-HIFRSBDPSA-N,0,Si,img/QFDOS-023_fisostigmina.png,"(-)-fisostigmina o eserina, alcaloide del haba del Calabar (Physostigma venenosum). Inhibidor de acetilcolinesterasa de tipo pseudoirreversible: el carbamato carbamoila la serina del sitio esteratico y el complejo carbamoil-enzima se hidroliza en minutos, frente a los segundos del complejo acetilado con acetilcolina. Amina terciaria (no cuaternaria) y por tanto activa en SNC: antidoto del sindrome anticolinergico central. Configuracion 3aS 8aR; el enantiomero natural es el activo"
QFDOS-024,Neostigmina,Neostigmine,Anticolinesterasicos,Carbamato cuaternario,,CHEMBL278020,CN(C)C(=O)Oc1cccc([N+](C)(C)C)c1,CN(C)C(=O)Oc1cccc([N+](C)(C)C)c1,1,CN(C)C(=O)Oc1cccc([N+](C)(C)C)c1,C12H19N2O2+,223.3,223.1441,1,1.94,65.72,29.54,0,2,2,16,1,1,0.417,0.717,aquiral,"InChI=1S/C12H19N2O2/c1-13(2)12(15)16-11-8-6-7-10(9-11)14(3,4)5/h6-9H,1-5H3/q+1",ALWKGYPQUAPLQC-UHFFFAOYSA-N,0,Si,img/QFDOS-024_neostigmina.png,"Simplificacion sintetica del farmacoforo de la fisostigmina: se conserva el carbamato sobre fenol y se sustituye todo el sistema policiclico por un trimetilamonio en meta, que reproduce la interaccion del nitrogeno con el sitio anionico. La carga permanente confina el efecto a la periferia (no atraviesa la BHE). Usos: miastenia gravis, reversion del bloqueo neuromuscular no despolarizante, ileo y retencion urinaria. Ademas de inhibir la colinesterasa tiene accion agonista nicotinica directa sobre la placa motora. ATC N07AA01. Se maneja como bromuro o metilsulfato"
QFDOS-025,Pralidoxima,Pralidoxime,Reactivadores de colinesterasa,Oxima cuaternaria,,CHEMBL1420,C[n+]1ccccc1C=NO,C[n+]1ccccc1C=NO,1,C[n+]1ccccc1C=NO,C7H9N2O+,137.16,137.0709,1,0.32,37.0,36.47,1,2,1,10,1,1,0.143,0.257,aquiral,"InChI=1S/C7H8N2O/c1-9-5-3-2-4-7(9)6-8-10/h2-6H,1H3/p+1",JBKPUQTUERUYQE-UHFFFAOYSA-O,0,Si,img/QFDOS-025_pralidoxima.png,"Reactivador de la acetilcolinesterasa fosforilada por organofosforados. El piridinio cuaternario ancla la molecula en el sitio anionico y coloca el oxima frente al fosforo unido a la serina; el ataque nucleofilo del oximato libera la enzima y genera un fosfonil-oxima. Debe administrarse pronto: una vez producido el envejecimiento (aging, desalquilacion del aducto) la reactivacion ya no es posible. Al ser cuaternaria no accede al SNC, limitacion que motiva las oximas de nueva generacion y obliga a asociar atropina. El isomero activo es el (E); ChEMBL almacena la oxima sin definir E/Z y aqui se conserva asi. ATC V03AB04. Se maneja como cloruro, yoduro o mesilato"
QFDOS-026,Atracurio,Atracurium,Bloqueantes neuromusculares,Bis-bencilisoquinolina biscuaternaria,,CHEMBL1360,COc1ccc(CC2c3cc(OC)c(OC)cc3CC[N+]2(C)CCC(=O)OCCCCCOC(=O)CC[N+]2(C)CCc3cc(OC)c(OC)cc3C2Cc2ccc(OC)c(OC)c2)cc1OC,COc1ccc(CC2c3cc(OC)c(OC)cc3CC[N+]2(C)CCC(=O)OCCCCCOC(=O)CC[N+]2(C)CCc3cc(OC)c(OC)cc3C2Cc2ccc(OC)c(OC)c2)cc1OC,2,COc1ccc(CC2c3cc(OC)c(OC)cc3CC[N+]2(C)CCC(=O)OCCCCCOC(=O)CC[N+]2(C)CCc3cc(OC)c(OC)cc3C2Cc2ccc(OC)c(OC)c2)cc1OC,C53H72N2O12+2,929.16,928.5074,2,8.07,255.32,126.44,0,12,24,67,6,4,0.509,0.038,4 centro(s) sin definir,"InChI=1S/C53H72N2O12/c1-54(22-18-38-32-48(62-7)50(64-9)34-40(38)42(54)28-36-14-16-44(58-3)46(30-36)60-5)24-20-52(56)66-26-12-11-13-27-67-53(57)21-25-55(2)23-19-39-33-49(63-8)51(65-10)35-41(39)43(55)29-37-15-17-45(59-4)47(31-37)61-6/h14-17,30-35,42-43H,11-13,18-29H2,1-10H3/q+2",YXSLJKQTIDHPOT-UHFFFAOYSA-N,3,No,img/QFDOS-026_atracurio.png,"Bloqueante neuromuscular no despolarizante bis-bencilisoquinolinico. Dos amonios cuaternarios separados por un espaciador de diester pentametilendiol; la distancia entre las dos cargas reproduce la de dos moleculas de acetilcolina y explica el antagonismo competitivo sobre el receptor nicotinico de la placa motora. Se degrada por eliminacion de Hofmann espontanea a pH y temperatura fisiologicos mas hidrolisis por esterasas plasmaticas, de modo que su duracion no depende de la funcion renal ni hepatica: es la razon de diseno de la molecula. Mezcla de 10 estereoisomeros (cuatro centros: dos carbonos bencilicos y dos nitrogenos cuaternarios); el cisatracurio es uno solo de ellos. ChEMBL lo almacena sin estereoquimica y aqui se conserva asi. Aviso de descriptores: con carga +2 permanente el logP de Crippen (8.07) carece de sentido fisico y las tres violaciones de Lipinski no predicen nada, porque se administra por via intravenosa y actua en la union neuromuscular sin necesidad de absorcion oral. ATC M03AC04"
QFDOS-027,Acetil coenzima A,Acetyl-CoA,Biosintesis colinergica,Tioester de coenzima A,,,CC(=O)SCCNC(=O)CCNC(=O)[C@H](O)C(C)(C)COP(=O)(O)OP(=O)(O)OC[C@H]1O[C@@H](n2cnc3c(N)ncnc32)[C@H](O)[C@@H]1OP(=O)(O)O,CC(=O)SCCNC(=O)CCNC(=O)[C@H](O)C(C)(C)COP(=O)([O-])OP(=O)([O-])OC[C@H]1O[C@@H](n2cnc3c(N)ncnc32)[C@H](O)[C@@H]1OP(=O)([O-])[O-],-4,CC(=O)SCCNC(=O)CCNC(=O)[C@H](O)C(C)(C)COP(=O)(O)OP(=O)(O)OC[C@H]1O[C@@H](n2cnc3c(N)ncnc32)[C@H](O)[C@@H]1OP(=O)(O)O,C23H38N7O17P3S,809.58,809.1258,0,-1.32,172.77,363.63,9,18,19,51,3,2,0.652,0.059,C15:R; C31:R; C33:R; C44:R; C46:S,"InChI=1S/C23H38N7O17P3S/c1-12(31)51-7-6-25-14(32)4-5-26-21(35)18(34)23(2,3)9-44-50(41,42)47-49(39,40)43-8-13-17(46-48(36,37)38)16(33)22(45-13)30-11-29-15-19(24)27-10-28-20(15)30/h10-11,13,16-18,22,33-34H,4-9H2,1-3H3,(H,25,32)(H,26,35)(H,39,40)(H,41,42)(H2,24,27,28)(H2,36,37,38)/t13-,16-,17-,18+,22-/m1/s1",ZSLZBFCDCINBPY-ZSJPKINUSA-N,3,No,img/QFDOS-027_acetil_coenzima_a.png,"Donante del grupo acetilo en la biosintesis de acetilcolina: la colina acetiltransferasa (ChAT) transfiere el acetilo del tioester a la colina en la terminal presinaptica, y la ChAT es el marcador bioquimico de neurona colinergica. Procede sobre todo de la descarboxilacion oxidativa del piruvato. La clave quimica es el tioester: el azufre estabiliza mucho peor el carbonilo por resonancia que un oxigeno, de modo que el carbono acilico es mas electrofilo y la transferencia del acetilo resulta mucho mas favorable que desde un ester convencional. Es la razon de que la naturaleza acile con tioesteres y no con esteres. A pH 7.4 los tres fosfatos estan ionizados (carga neta -4). Estructura derivada mecanicamente de la coenzima A de ChEMBL (CHEMBL1213327) por S-acetilacion del tiol; el InChIKey resultante coincide con el obtenido escribiendo el SMILES a mano de forma independiente. Sin entrada propia en ChEMBL. Segundo contraejemplo de Lipinski de la base junto al atracurio, esta vez por exceso de polaridad"
QFDOS-028,Adifenina,Adiphenine,Antagonistas muscarinicos,Aminoester sintetico,,CHEMBL353846,CCN(CC)CCOC(=O)C(c1ccccc1)c1ccccc1,CCN(CC)CCOC(=O)C(c1ccccc1)c1ccccc1,0,CCN(CC)CCOC(=O)C(c1ccccc1)c1ccccc1,C20H25NO2,311.43,311.1885,0,3.7,93.47,29.54,0,3,8,23,2,2,0.35,0.696,aquiral,"InChI=1S/C20H25NO2/c1-3-21(4-2)15-16-23-20(22)19(17-11-7-5-8-12-17)18-13-9-6-10-14-18/h5-14,19H,3-4,15-16H2,1-2H3",JGOAIQNSOGZNBX-UHFFFAOYSA-N,0,Si,img/QFDOS-028_adifenina.png,"Primer paso de la simplificacion sintetica del farmacoforo antimuscarinico: el tropano de la atropina se sustituye por un dietilaminoetanol y el acido tropico por acido difenilacetico. Conserva el ester, el nitrogeno basico a dos carbonos y el volumen aromatico, pero pierde el hidroxilo en alfa. Sin ese OH la afinidad muscarinica es modesta y buena parte de su accion antiespasmodica es musculotropa directa sobre el musculo liso, no antimuscarinica. Amina terciaria: no queda confinada a la periferia. Ocho enlaces rotables, con los dos fenilos girando libremente"
QFDOS-029,Benactizina,Benactyzine,Antagonistas muscarinicos,Aminoester sintetico,,CHEMBL70352,CCN(CC)CCOC(=O)C(O)(c1ccccc1)c1ccccc1,CCN(CC)CCOC(=O)C(O)(c1ccccc1)c1ccccc1,0,CCN(CC)CCOC(=O)C(O)(c1ccccc1)c1ccccc1,C20H25NO3,327.42,327.1834,0,2.81,94.63,49.77,1,4,8,24,2,2,0.35,0.758,aquiral,"InChI=1S/C20H25NO3/c1-3-21(4-2)15-16-24-19(22)20(23,17-11-7-5-8-12-17)18-13-9-6-10-14-18/h5-14,23H,3-4,15-16H2,1-2H3",IVQOFBKHQCTVQV-UHFFFAOYSA-N,0,Si,img/QFDOS-029_benactizina.png,"Adifenina mas un hidroxilo en alfa: el acido difenilacetico pasa a acido bencilico (difenilglicolico). Ese OH reproduce el del acido tropico de la atropina y forma el enlace de hidrogeno con el receptor que falta en la adifenina, de modo que la afinidad muscarinica sube de forma marcada. Es el ejemplo mas limpio de la base para mostrar que un solo grupo hidroxilo decide la afinidad. Amina terciaria y lipofilia suficiente para el SNC: se empleo como ansiolitico y los esteres del acido bencilico con aminas terciarias son la familia de los antimuscarinicos centrales. El QED sube a 0.76, el mas alto del bloque"
QFDOS-030,Propantelina,Propantheline,Antagonistas muscarinicos,Aminoester cuaternario,,CHEMBL1180725,CC(C)[N+](C)(CCOC(=O)C1c2ccccc2Oc2ccccc21)C(C)C,CC(C)[N+](C)(CCOC(=O)C1c2ccccc2Oc2ccccc21)C(C)C,1,CC(C)[N+](C)(CCOC(=O)C1c2ccccc2Oc2ccccc21)C(C)C,C23H30NO3+,368.5,368.222,1,4.73,107.08,35.53,0,3,6,27,3,2,0.435,0.546,aquiral,"InChI=1S/C23H30NO3/c1-16(2)24(5,17(3)4)14-15-26-23(25)22-18-10-6-8-12-20(18)27-21-13-9-7-11-19(21)22/h6-13,16-17,22H,14-15H2,1-5H3/q+1",VVWYOYDLCMFIEM-UHFFFAOYSA-N,0,Si,img/QFDOS-030_propantelina.png,"Dos modificaciones sobre la misma plantilla. Primera: los dos fenilos libres se atan en un xanteno mediante un puente de oxigeno, lo que rigidifica el sistema en la disposicion adecuada y baja los enlaces rotables de 8 a 6. Segunda: la amina se cuaterniza con metilo y dos isopropilos, de modo que la carga permanente confina el efecto a la periferia igual que en la metilatropina o el ipratropio. Resultado: antiespasmodico y antisecretor gastrico por via oral sin efectos centrales. ATC A03AB05. Se maneja como bromuro (Pro-Banthine)"
QFDOS-031,Piperidolato,Piperidolate,Antagonistas muscarinicos,Aminoester sintetico,,CHEMBL1623992,CCN1CCCC(C1)OC(=O)C(c1ccccc1)c1ccccc1,CCN1CCCC(C1)OC(=O)C(c1ccccc1)c1ccccc1,0,CCN1CCCC(OC(=O)C(c2ccccc2)c2ccccc2)C1,C21H25NO2,323.44,323.1885,0,3.85,95.96,29.54,0,3,5,24,3,2,0.381,0.783,1 centro(s) sin definir,"InChI=1S/C21H25NO2/c1-2-22-15-9-14-19(16-22)24-21(23)20(17-10-5-3-6-11-17)18-12-7-4-8-13-18/h3-8,10-13,19-20H,2,9,14-16H2,1H3",KTHVBAZBLKXIHZ-UHFFFAOYSA-N,0,Si,img/QFDOS-031_piperidolato.png,"Mismo acido difenilacetico que la adifenina, pero el aminoalcohol se cicla: 1-etilpiperidin-3-ilo en lugar de dietilaminoetilo. El nitrogeno basico queda incorporado al anillo y la distancia entre el nitrogeno y el ester se rigidifica, la misma idea que el xanteno de la propantelina aplicada al otro extremo de la molecula. Sin hidroxilo en alfa, igual que la adifenina. Racemico: el C3 de la piperidina es estereocentro y se guarda sin definir. Antiespasmodico. AVISO: el SMILES de la tabla de origen estaba mal escrito (reutilizaba el digito 1 de cierre de anillo con el anillo de piperidina aun abierto) y generaba un esqueleto macrociclico distinto con la misma formula molecular C21H25NO2; aqui se almacena la estructura corregida, que coincide con la base libre de CHEMBL1511957 (hidrocloruro), parent CHEMBL1623992."
QFDOS-032,Ciclopentolato,Cyclopentolate,Antagonistas muscarinicos,Aminoester sintetico,,CHEMBL1201338,CN(C)CCOC(=O)C(c1ccccc1)C1(O)CCCC1,CN(C)CCOC(=O)C(c1ccccc1)C1(O)CCCC1,0,CN(C)CCOC(=O)C(c1ccccc1)C1(O)CCCC1,C17H25NO3,291.39,291.1834,0,2.18,82.11,49.77,1,4,6,21,2,1,0.588,0.816,1 centro(s) sin definir,"InChI=1S/C17H25NO3/c1-18(2)12-13-21-16(19)15(14-8-4-3-5-9-14)17(20)10-6-7-11-17/h3-5,8-9,15,20H,6-7,10-13H2,1-2H3",SKYSRIRYMSLOIN-UHFFFAOYSA-N,0,Si,img/QFDOS-032_ciclopentolato.png,"Patron mandelico modificado: el carbono alfa lleva un fenilo y un 1-hidroxiciclopentilo. El hidroxilo terciario sobre el ciclopentano hace el papel del OH de la benactizina y del acido tropico de la atropina, mientras que el ciclopentano sustituye al segundo fenilo y reduce volumen. Aminoalcohol dimetilaminoetilo, mas corto que el dietilo de adifenina y benactizina. Midriatico y cicloplejico topico en oftalmologia, con duracion de horas frente a los dias de la atropina: el ejemplo de manual de como se ajusta la duracion de accion dentro de una misma familia. Racemico. Verificado contra ChEMBL: base libre de CHEMBL1200473 (hidrocloruro), parent CHEMBL1201338."
QFDOS-033,Trihexifenidilo,Trihexyphenidyl,Antagonistas muscarinicos,Aminopropanol,,CHEMBL1490,OC(CCN1CCCCC1)(c1ccccc1)C1CCCCC1,OC(CCN1CCCCC1)(c1ccccc1)C1CCCCC1,0,OC(CCN1CCCCC1)(c1ccccc1)C1CCCCC1,C20H31NO,301.47,301.2406,0,4.33,91.82,23.47,1,2,5,22,3,1,0.7,0.875,1 centro(s) sin definir,"InChI=1S/C20H31NO/c22-20(18-10-4-1-5-11-18,19-12-6-2-7-13-19)14-17-21-15-8-3-9-16-21/h1,4-5,10-11,19,22H,2-3,6-9,12-17H2",HWHLPVGTWGOCJO-UHFFFAOYSA-N,0,Si,img/QFDOS-033_trihexifenidilo.png,"Ruptura del patron ester: el grupo funcional pasa a ser un carbinol terciario (aminopropanol). Sin ester no hay hidrolisis por esterasas y la duracion de accion se alarga mucho, mientras el hidroxilo sigue proporcionando el enlace de hidrogeno con el receptor. Los dos restos voluminosos son un fenilo y un ciclohexilo, uno aromatico y otro saturado, y la amina basica es una piperidina. Lipofilia alta (logP 4.33) y TPSA minima (23.47) con amina terciaria: entra en SNC y se usa como antiparkinsoniano por bloqueo muscarinico estriatal, que corrige el desequilibrio dopaminergico-colinergico. Racemico: el carbinol es estereocentro y se guarda sin definir. Verificado contra ChEMBL: base libre de CHEMBL1092 (hidrocloruro), parent CHEMBL1490."
QFDOS-034,Isopropamida,Isopropamide,Antagonistas muscarinicos,Amidoamonio cuaternario,,CHEMBL1201232,CC(C)[N+](C)(CCC(C(N)=O)(c1ccccc1)c1ccccc1)C(C)C,CC(C)[N+](C)(CCC(C(N)=O)(c1ccccc1)c1ccccc1)C(C)C,1,CC(C)[N+](C)(CCC(C(N)=O)(c1ccccc1)c1ccccc1)C(C)C,C23H33N2O+,353.53,353.2587,1,4.11,108.8,43.09,1,1,8,26,2,2,0.435,0.713,aquiral,"InChI=1S/C23H32N2O/c1-18(2)25(5,19(3)4)17-16-23(22(24)26,20-12-8-6-9-13-20)21-14-10-7-11-15-21/h6-15,18-19H,16-17H2,1-5H3,(H-,24,26)/p+1",JTPUMZTWMWIVPA-UHFFFAOYSA-O,0,Si,img/QFDOS-034_isopropamida.png,"Doble ruptura respecto al patron clasico. Primera: el ester se sustituye por una amida primaria, que no es sustrato de esterasas y prolonga la accion. Segunda: amonio cuaternario con metilo y dos isopropilos, exactamente el mismo patron de nitrogeno que la propantelina, de modo que el efecto queda confinado a la periferia. Ademas la cadena es un butanamida, con un carbono mas entre el nitrogeno y el centro cuaternario que en los aminoesteres. Antisecretor gastrico de accion prolongada. Se maneja como yoduro (ver QFDOS-035). Verificado contra ChEMBL: cation de CHEMBL1200347, parent CHEMBL1201232."
QFDOS-035,Yoduro de isopropamida,Isopropamide iodide,Antagonistas muscarinicos,Sal de amonio cuaternario,,CHEMBL1200347,CC(C)[N+](C)(CCC(C(N)=O)(c1ccccc1)c1ccccc1)C(C)C.[I-],CC(C)[N+](C)(CCC(C(N)=O)(c1ccccc1)c1ccccc1)C(C)C.[I-],0,CC(C)[N+](C)(CCC(C(N)=O)(c1ccccc1)c1ccccc1)C(C)C.[I-],C23H33IN2O,480.43,480.1638,0,1.12,108.8,43.09,1,1,8,27,2,2,0.435,0.447,aquiral,"InChI=1S/C23H32N2O.HI/c1-18(2)25(5,19(3)4)17-16-23(22(24)26,20-12-8-6-9-13-20)21-14-10-7-11-15-21;/h6-15,18-19H,16-17H2,1-5H3,(H-,24,26);1H",BFSMWENDZZIWPW-UHFFFAOYSA-N,0,Si,img/QFDOS-035_yoduro_de_isopropamida.png,"Sal de yoduro de la isopropamida, que es la forma comercializada y pesada en formulacion. Primera entrada de la base que almacena una sal en lugar del cation: el resto de cuaternarios (metilatropina, ipratropio, butilescopolamina, propantelina, carbacol, betanecol) estan guardados solo como cation, con el contraion anotado. Se incluye porque figuraba como fila propia en la tabla de origen; conviene decidir si se generaliza el criterio o si esta entrada se retira. Util: el yoduro aporta 126.90 al peso molecular (480.43 frente a 353.53) para calculos de dosificacion. Enganoso: los descriptores calculados sobre la sal no describen la especie activa, y se ve en el logP, que cae de 4.11 en el cation a 1.12 en el yoduro porque el contraion entra en el calculo de Crippen. Es la razon por la que la base guarda cationes. Verificado contra ChEMBL: CHEMBL1200347, InChIKey coincidente."
